{"threshold": 0.4, "merge_function": "aff85_his256", "discretize_queue": 256, "voi_split": 0.5276738935360754, "voi_merge": 3.067193222051598, "rand_split": 0.9048471929796884, "rand_merge": 0.11483321536381151}