{"threshold": 0.6, "merge_function": "aff85_his256", "discretize_queue": 256, "voi_split": 0.4806326172290616, "voi_merge": 3.583940537654793, "rand_split": 0.9109514847704916, "rand_merge": 0.10253740969622578}