{"threshold": 0.3, "merge_function": "aff85_his256", "discretize_queue": 256, "voi_split": 0.5547750426425164, "voi_merge": 2.794823537574871, "rand_split": 0.903051653020051, "rand_merge": 0.12061724486254934}