{"threshold": 0.2, "merge_function": "aff85_his256", "discretize_queue": 256, "voi_split": 0.581630815445572, "voi_merge": 2.5859881520324928, "rand_split": 0.9015890407033705, "rand_merge": 0.12466770739778207}