{"threshold": 0.5, "merge_function": "aff85_his256", "discretize_queue": 256, "voi_split": 0.5078079190545663, "voi_merge": 3.3046542847289198, "rand_split": 0.9078246774128079, "rand_merge": 0.1098289685216933}